{
    "hidden_layer": {
        "neuron_0": {
            "weights": [
                0.4339992632835232,
                -0.043395609108003705,
                -0.8192664521900547,
                -0.5233185732879405,
                -1.2609049585715817,
                -1.1913820720324588,
                0.0934205586865593,
                -0.823014995896161,
                -0.4381309806252385,
                -1.424414307474814,
                0.2907483100291723,
                0.7744254851526531,
                0.045465658763988115,
                0.815132947852186,
                0.83198979895282,
                0.17942176860611428,
                -0.4326601910001955,
                0.5910167914241532,
                0.12311653669235734,
                -0.3466076170077236,
                -0.6998922762835039,
                -1.1082826260180607,
                0.19204256707733955,
                -0.6739496536972847,
                1.1644387531364808,
                -0.15139524941343674,
                -0.9898768323075626,
                -0.34920060368146455,
                -0.4695952646365491,
                0.12640226352039471,
                0.836466771525967,
                0.9272399541785057,
                0.8723095483215619,
                0.7547461438559109,
                0.2986860954381925,
                0.01781275344506309,
                0.5924485219263085,
                1.5516455202540724,
                1.4638410815021743,
                -1.1391314222966733
            ],
            "bias": -0.6384490729272639
        },
        "neuron_1": {
            "weights": [
                0.9950044595896047,
                0.23190660641422847,
                -0.20473299019845448,
                0.32261633683489654,
                0.9004312647208531,
                -0.2573817657285892,
                -0.6302910889489459,
                -0.6080342751617096,
                0.08539216631649693,
                0.38318727095853833,
                -0.001139332296012594,
                -0.05557014967610141,
                -0.14491796328290074,
                -0.5014155417022501,
                0.3671937871060437,
                0.5444470138958623,
                -0.16671552030857656,
                0.217827792326649,
                -1.1144362307546472,
                -0.27280164168184695,
                0.01687607523603053,
                0.11828884960321823,
                -0.29002634417219,
                0.2564710552950923,
                0.014495752309560895,
                -1.0794556559610196,
                -0.6783838971650027,
                0.4929828102360483,
                -0.5120207132418328,
                -0.2640115843850635,
                0.6574613778398667,
                0.7060189109347201,
                0.392059593349946,
                0.4815372355084089,
                0.5787455191618184,
                -0.7380714729883141,
                0.4350583011362429,
                -0.30845589749628927,
                1.2116062064350914,
                0.861799792582584
            ],
            "bias": -0.016035389846695013
        },
        "neuron_2": {
            "weights": [
                0.5735642497291242,
                -1.0066814400269248,
                -0.08746440648544387,
                -0.5976540134278098,
                0.500297441438037,
                -0.9282245355140926,
                0.9391692555291171,
                -0.9095454221789239,
                -0.7181515500504747,
                0.41671310995070593,
                -0.3352055280392292,
                -0.7608115081233966,
                -0.9491617465118096,
                -0.17923415392874054,
                0.7983776045493313,
                -0.3609946278007989,
                0.7465098716631212,
                0.6389470701241498,
                1.1308165333253564,
                1.9338376244607582,
                0.2700578437772626,
                0.4059775745585624,
                0.924308828347468,
                0.6852932512764306,
                0.640596298336963,
                -0.6737441495553018,
                0.09746757873317224,
                0.2992657980944293,
                0.9460211095048912,
                -0.07794393287543078,
                1.26369382740745,
                -0.4111022158608286,
                0.14012234017872993,
                0.39403148199053595,
                0.02568321997734705,
                0.25942033491876276,
                -1.2890320074241457,
                -0.14989868963908812,
                -0.3630789446746964,
                0.7228090918984106
            ],
            "bias": 0.2731857239907608
        },
        "neuron_3": {
            "weights": [
                -0.059298621303151076,
                1.3392559855205592,
                -0.04780538531937513,
                0.40982173242558256,
                1.0892528718452954,
                1.1999936597559062,
                0.5502656467222291,
                -0.3493393384734713,
                0.6043939615080793,
                0.8393671916803257,
                -0.4915304438296008,
                0.42648957444599,
                -0.7842171460133911,
                0.5111022770860973,
                -0.03790666056959489,
                -0.3985432953462873,
                -1.790986970017732,
                -0.2916384255172679,
                -1.2298445445014705,
                -1.7691754735344034,
                0.4529022237478762,
                -0.984907767742504,
                -0.7430415373062298,
                0.09231819760071083,
                -1.554866867332084,
                1.1784612326525004,
                0.3837903953853865,
                0.6984468209883559,
                -0.2138045506664792,
                -0.33592361042201857,
                -0.3507879195031293,
                -0.22980454279614948,
                -0.8056470124584629,
                0.40496816797421853,
                0.3843854449727585,
                -1.220495127304,
                -0.40372387092851486,
                -0.29610879712559185,
                0.17910921876936195,
                0.37386498658918
            ],
            "bias": -0.5280391248575603
        },
        "neuron_4": {
            "weights": [
                -0.08941320521486697,
                0.8751496918991847,
                0.23317939029791768,
                0.2269144157927487,
                -0.34370292041667383,
                -0.44035475873130286,
                0.8789978831283782,
                -0.22264542062103598,
                -0.8508987126404584,
                0.5846259714405618,
                -0.3359500785000123,
                0.5215700972337949,
                -0.9371416286265315,
                -0.5424036690167551,
                0.4581007609764983,
                -0.5020443968474467,
                -0.7884030671612672,
                0.8967607880555897,
                -0.9251762993286541,
                0.1479581607534432,
                -0.777335181822513,
                -0.14399301563111297,
                -0.48604643012916077,
                -0.10887797551766237,
                0.25559842368216557,
                0.25494339738784316,
                0.30392251900520106,
                0.31522578460068673,
                0.7840931103542266,
                -0.5876986679400203,
                -0.9740710301101826,
                0.7022733430337138,
                0.23001445339833948,
                -0.28101769756048967,
                0.6386756360022207,
                -0.3375891101974993,
                1.7473736282625907,
                0.23814762649598747,
                1.725156573696185,
                -0.3502732434011379
            ],
            "bias": -0.2086894926783938
        },