{
    "hidden_layer": {
        "neuron_0": {
            "weights": [
                0.4339992632835232,
                -0.019815330040895477,
                -0.7581968894779867,
                -0.49973829422083754,
                -1.2609049585715817,
                -1.167801792965357,
                0.0934205586865593,
                -0.823014995896161,
                -0.4381309806252385,
                -1.400834028407712,
                0.31432858909628103,
                0.7744254851526531,
                0.045465658763988115,
                0.815132947852186,
                0.9015076297986021,
                0.13348421682743872,
                -0.3715906282881301,
                0.6520863541362212,
                0.1841860994044256,
                -0.2855380542956582,
                -0.6763119972164027,
                -1.1082826260180607,
                0.19204256707733955,
                -0.6739496536972847,
                1.225508315848549,
                -0.19733280119211233,
                -0.9898768323075626,
                -0.34920060368146455,
                -0.4695952646365491,
                0.18747182623246295,
                0.868495318726786,
                0.9272399541785057,
                0.8723095483215619,
                0.7547461438559109,
                0.32226637450530127,
                0.05649249415824286,
                0.6619663527720906,
                1.5836740674549008,
                1.4958696287030027,
                -1.147579690430385
            ],
            "bias": -0.6148687938601627
        },
        "neuron_1": {
            "weights": [
                0.9950044595896047,
                0.22185741577982743,
                -0.21684766686506926,
                0.3125671462004958,
                0.9004312647208531,
                -0.2674309563629899,
                -0.6302910889489459,
                -0.6080342751617096,
                0.08539216631649693,
                0.3731380803241376,
                -0.011188522930414278,
                -0.05557014967610141,
                -0.14491796328290074,
                -0.5014155417022501,
                0.4187304078613456,
                0.4828612025061606,
                -0.17883019697519134,
                0.20571311566003422,
                -1.1265509074212534,
                -0.2849163183484603,
                0.006826884601628845,
                0.11828884960321823,
                -0.29002634417219,
                0.2564710552950923,
                0.0023810756429460504,
                -1.1410414673507057,
                -0.6783838971650027,
                0.4929828102360483,
                -0.5120207132418328,
                -0.2761262610516769,
                0.7110634846273809,
                0.7060189109347201,
                0.392059593349946,
                0.4815372355084089,
                0.5686963285274194,
                -0.7549276764976145,
                0.4865949218915448,
                -0.254853790708776,
                1.2652083132226128,
                0.798148495160672
            ],
            "bias": -0.026084580481096596
        },
        "neuron_2": {
            "weights": [
                0.5735642497291242,
                -1.019422226608375,
                -0.05763362283757473,
                -0.6103948000092603,
                0.500297441438037,
                -0.9409653220955431,
                0.9391692555291171,
                -0.9095454221789239,
                -0.7181515500504747,
                0.40397232336925315,
                -0.347946314620682,
                -0.7608115081233966,
                -0.9491617465118096,
                -0.17923415392874054,
                0.820616018315775,
                -0.39597382814869275,
                0.7763406553109945,
                0.668777853772023,
                1.1606473169732348,
                1.9636684081086366,
                0.25731705719580983,
                0.4059775745585624,
                0.924308828347468,
                0.6852932512764306,
                0.6704270819848362,
                -0.7087233499031936,
                0.09746757873317224,
                0.2992657980944293,
                0.9460211095048912,
                -0.04811314922756218,
                1.2433606709445668,
                -0.4111022158608286,
                0.14012234017872993,
                0.39403148199053595,
                0.012942433395896638,
                0.274698579639443,
                -1.2667935936577084,
                -0.17023184610196554,
                -0.3834121011375708,
                0.7304014617798432
            ],
            "bias": 0.260444937409308
        },
        "neuron_3": {
            "weights": [
                -0.059298621303151076,
                1.3399961620617329,
                -0.06039825103359645,
                0.41056190896674205,
                1.0892528718452954,
                1.2007338362970799,
                0.5502656467222291,
                -0.3493393384734713,
                0.6043939615080793,
                0.8401073682214856,
                -0.49079026728844244,
                0.42648957444599,
                -0.7842171460133911,
                0.5111022770860973,
                -0.04945890780809276,
                -0.3862508715666303,
                -1.8035798357319501,
                -0.30423129123148973,
                -1.2424374102156885,
                -1.7817683392486214,
                0.4536424002890357,
                -0.984907767742504,
                -0.7430415373062298,
                0.09231819760071083,
                -1.567459733046302,
                1.1907536564321652,
                0.3837903953853865,
                0.6984468209883559,
                -0.2138045506664792,
                -0.3485164761362404,
                -0.34900712448624527,
                -0.22980454279614948,
                -0.8056470124584629,
                0.40496816797421853,
                0.385125621513918,
                -1.2239985686016683,
                -0.4152761181670126,
                -0.2943280021087078,
                0.1808900137862464,
                0.37282436811345565
            ],
            "bias": -0.5272989483164005
        },
        "neuron_4": {
            "weights": [
                -0.08941320521486697,
                0.8514808579865609,
                0.1945747470252513,
                0.20324558188012634,
                -0.34370292041667383,
                -0.4640235926439214,
                0.8789978831283782,
                -0.22264542062103598,
                -0.8508987126404584,
                0.5609571375279381,
                -0.35961891241263083,
                0.5215700972337949,
                -0.9371416286265315,
                -0.5424036690167551,
                0.4926865796381251,
                -0.5602990494217045,
                -0.8270077104339382,
                0.8581561447829187,
                -0.9637809426013251,
                0.10935351748077517,
                -0.8010040157351368,
                -0.14399301563111297,
                -0.48604643012916077,
                -0.10887797551766237,
                0.21699378040949882,
                0.19668874481359203,
                0.30392251900520106,
                0.31522578460068673,
                0.7840931103542266,
                -0.6263033112126913,
                -0.9245494020885184,
                0.7022733430337138,
                0.23001445339833948,
                -0.28101769756048967,
                0.6150068020895969,
                -0.3829482591850778,
                1.7819594469242248,
                0.28766925451766173,
                1.7746782017178577,
                -0.4234637053354381
            ],
            "bias": -0.23235832659101616
        },