{
    "hidden_layer": {
        "neuron_0": {
            "weights": [
                -0.250919762305275,
                0.3399321369215084,
                -0.4225880491730567,
                -0.11893256665806078,
                -0.5275403285338691,
                -0.7869960654025735,
                0.0934205586865593,
                -0.823014995896161,
                -0.4381309806252385,
                -1.0200283008449293,
                0.6951343166590559,
                0.7744254851526531,
                0.045465658763988115,
                0.815132947852186,
                0.6797315066012533,
                0.5456496520778791,
                -1.339341373989867,
                -0.31566439156550596,
                -0.7835646462973046,
                -1.232230539397019,
                -0.2955062696536257,
                -1.0872243654176963,
                0.213100827677706,
                -0.6528913930969185,
                0.2788158307471957,
                0.21483263405832034,
                -0.9898768323075626,
                -0.34920060368146455,
                -0.4695952646365491,
                -0.025856028831180343,
                0.5074881481181249,
                0.9272399541785057,
                0.8723095483215619,
                0.7547461438559109,
                0.7030721020680762,
                0.28364893069869634,
                0.10218837590202369,
                1.0690929778426883,
                0.9812885390907793,
                -1.1180731616963095
            ],
            "bias": -0.23406306629738552
        },
        "neuron_1": {
            "weights": [
                0.9014286128198323,
                0.3634500065494142,
                -0.018689863527991315,
                0.5021491959935594,
                0.9067752141279877,
                -0.07784890656992707,
                -0.6302910889489459,
                -0.6080342751617096,
                0.08539216631649693,
                0.5627201301172006,
                0.17839352686264953,
                -0.05557014967610141,
                -0.14491796328290074,
                -0.5014155417022501,
                0.5451883695193338,
                0.6721121722278561,
                -0.04305434632590104,
                0.34148896630932285,
                -0.9907750567719652,
                -0.10115100867569782,
                0.1964089343946923,
                0.16627830862669307,
                -0.24203688514871574,
                0.30446051431856475,
                0.18614638531571073,
                -0.9517904976290327,
                -0.6783838971650027,
                0.4929828102360483,
                -0.5120207132418328,
                -0.08601700197177511,
                0.830650287591386,
                0.7060189109347201,
                0.392059593349946,
                0.4815372355084089,
                0.7582783783204748,
                -0.4211688043815902,
                0.24538802440304397,
                -0.5046364417412924,
                1.015425662190096,
                0.909789251606063
            ],
            "bias": 0.16349746931196663
        },
        "neuron_2": {
            "weights": [
                0.4639878836228102,
                -0.9161954991717514,
                -0.05150647013946783,
                -0.5160489431069792,
                0.5810010423655462,
                -0.8466194651932614,
                0.9391692555291171,
                -0.9095454221789239,
                -0.7181515500504747,
                0.49831818027153524,
                -0.2536004577184009,
                -0.7608115081233966,
                -0.9491617465118096,
                -0.17923415392874054,
                0.7006580193861606,
                -0.6865602655258792,
                0.5769675561067901,
                0.469404754567815,
                0.9612742177690253,
                1.7554144383700772,
                0.3516629140980892,
                0.39709670402422054,
                0.9154279578131264,
                0.676412380742089,
                0.46217311224628777,
                -0.999309787280379,
                0.09746757873317224,
                0.2992657980944293,
                0.9460211095048912,
                -0.17566351803859742,
                1.2645952968007759,
                -0.4111022158608286,
                0.14012234017872993,
                0.39403148199053595,
                0.10728829029817581,
                0.2958905133116663,
                -1.2313388296485734,
                -0.046558377888679996,
                -0.2597386329242907,
                0.713928221364069
            ],
            "bias": 0.3547907943115874
        },
        "neuron_3": {
            "weights": [
                0.1973169683940732,
                1.209147089703856,
                -0.20202030420605877,
                0.2439902922250807,
                0.9733435174587463,
                1.0341622195554212,
                0.5502656467222291,
                -0.3493393384734713,
                0.6043939615080793,
                0.6735357514798317,
                -0.6573618840300958,
                0.42648957444599,
                -0.7842171460133911,
                0.5111022770860973,
                0.17068169757294868,
                -0.059889761880718304,
                -1.4307667131048138,
                0.06858183139563725,
                -0.8696242875885635,
                -1.4446777610052974,
                0.2870707835473733,
                -1.0206303121263136,
                -0.7787640816900359,
                0.056595653216903345,
                -1.2303691548029776,
                1.5171147661180866,
                0.3837903953853865,
                0.6984468209883559,
                -0.2138045506664792,
                -0.1273352522794749,
                -0.40071000531707307,
                -0.22980454279614948,
                -0.8056470124584629,
                0.40496816797421853,
                0.21855400477225667,
                -1.3660072992801882,
                -0.28547887674148,
                -0.189480324252373,
                0.28573769164258417,
                0.338142442205376
            ],
            "bias": -0.693870565058054
        },
        "neuron_4": {
            "weights": [
                -0.687962719115127,
                0.8040885251274895,
                0.22843732149189697,
                0.18956066977122296,
                -0.3136079176792358,
                -0.4777085047528266,
                0.8789978831283782,
                -0.22264542062103598,
                -0.8508987126404584,
                0.5472722254190213,
                -0.37330382452153604,
                0.5215700972337949,
                -0.9371416286265315,
                -0.5424036690167551,
                0.6408926288719081,
                -1.3789660998075495,
                -0.6694136227534617,
                1.0157502324633974,
                -0.8061868549208486,
                0.3006550259114123,
                -0.8146889278440536,
                -0.11028559488095231,
                -0.452339009378999,
                -0.07517055476750172,
                0.40829528884013394,
                -0.6219783055722463,
                0.30392251900520106,
                0.31522578460068673,
                0.7840931103542266,
                -0.4049068000446116,
                -1.0415197788691466,
                0.7022733430337138,
                0.23001445339833948,
                -0.28101769756048967,
                0.6013218899806801,
                -0.24624765431398418,
                1.5331166792053654,
                -0.00872099977673953,
                1.4782879474234565,
                -0.3165658226509763
            ],
            "bias": -0.24604323869991954
        },