{
    "hidden_layer": {
        "neuron_0": {
            "weights": [
                -0.250919762305275,
                0.35295196581563104,
                -0.4371508043003848,
                -0.10591273776393587,
                -0.5275403285338692,
                -0.7739762365084492,
                0.0934205586865593,
                -0.823014995896161,
                -0.4381309806252385,
                -1.0070084719508026,
                0.7081541455531802,
                0.7744254851526531,
                0.045465658763988115,
                0.815132947852186,
                0.6696802956937489,
                0.5687206918794987,
                -1.3539041291172063,
                -0.3302271466928333,
                -0.7981274014246325,
                -1.246793294524358,
                -0.2824864407595036,
                -1.0872243654176963,
                0.2131008276777059,
                -0.6528913930969185,
                0.26425307561986794,
                0.23790367385994218,
                -0.9898768323075626,
                -0.34920060368146455,
                -0.4695952646365491,
                -0.04041878395850814,
                0.5250195212320771,
                0.9272399541785057,
                0.8723095483215619,
                0.7547461438559109,
                0.7160919309622006,
                0.2797031572418012,
                0.0921371649945255,
                1.086624350956636,
                0.9988199122047309,
                -1.122584705916139
            ],
            "bias": -0.2210432374032603
        },
        "neuron_1": {
            "weights": [
                0.9014286128198323,
                0.327392751409327,
                -0.05949098009963259,
                0.4660919408534726,
                0.9067752141279876,
                -0.11390616171001391,
                -0.6302910889489459,
                -0.6080342751617096,
                0.08539216631649693,
                0.5266628749771189,
                0.14233627172256175,
                -0.05557014967610141,
                -0.14491796328290074,
                -0.5014155417022501,
                0.5517928295741497,
                0.6294504570329539,
                -0.08385546289754187,
                0.30068784973767837,
                -1.0315761733436022,
                -0.1419521252473391,
                0.16035167925460453,
                0.16627830862669307,
                -0.24203688514871574,
                0.30446051431856475,
                0.14534526874406964,
                -0.9944522128239349,
                -0.6783838971650027,
                0.4929828102360483,
                -0.5120207132418328,
                -0.12681811854341624,
                0.8419986090777574,
                0.7060189109347201,
                0.392059593349946,
                0.4815372355084089,
                0.7222211231803932,
                -0.46376036047028346,
                0.25199248445785905,
                -0.49328812025492397,
                1.0267739836764622,
                0.8623836749796091
            ],
            "bias": 0.12744021417187884
        },
        "neuron_2": {
            "weights": [
                0.4639878836228102,
                -0.938740592770028,
                0.011019379721166936,
                -0.5385940367052559,
                0.5810010423655464,
                -0.8691645587915381,
                0.9391692555291171,
                -0.9095454221789239,
                -0.7181515500504747,
                0.47577308667325996,
                -0.2761455513166759,
                -0.7608115081233966,
                -0.9491617465118096,
                -0.17923415392874054,
                0.7180848934446504,
                -0.7265322331826461,
                0.6394934059674249,
                0.5319306044284499,
                1.023800067629655,
                1.8179402882307039,
                0.32911782049981403,
                0.3970967040242205,
                0.9154279578131262,
                0.6764123807420889,
                0.5246989621069214,
                -1.03928175493714,
                0.09746757873317224,
                0.2992657980944293,
                0.9460211095048912,
                -0.11313766817796161,
                1.196951227400358,
                -0.4111022158608286,
                0.14012234017872993,
                0.39403148199053595,
                0.08474319669990073,
                0.34771986907564284,
                -1.213911955590081,
                -0.11420244728909779,
                -0.32738270232470795,
                0.7590271971662126
            ],
            "bias": 0.3322457007133122
        },
        "neuron_3": {
            "weights": [
                0.1973169683940732,
                1.201360869051563,
                -0.24155919940893583,
                0.23620407157278095,
                0.9733435174587464,
                1.0263759989031287,
                0.5502656467222291,
                -0.3493393384734713,
                0.6043939615080793,
                0.6657495308275323,
                -0.665148104682395,
                0.42648957444599,
                -0.7842171460133911,
                0.5111022770860973,
                0.15701257125226617,
                -0.05400685621233569,
                -1.470305608307685,
                0.02904293619276036,
                -0.9091631827914438,
                -1.4842166562081682,
                0.2792845628950736,
                -1.0206303121263136,
                -0.7787640816900359,
                0.05659565321690336,
                -1.2699080500058488,
                1.5229976717864706,
                0.3837903953853865,
                0.6984468209883559,
                -0.2138045506664792,
                -0.16687414748235183,
                -0.382626457087176,
                -0.22980454279614948,
                -0.8056470124584629,
                0.40496816797421853,
                0.21076778411995695,
                -1.3946305626871929,
                -0.2991480030621638,
                -0.17139677602247846,
                0.3038212398724811,
                0.3122726733231811
            ],
            "bias": -0.7016567857103533
        },
        "neuron_4": {
            "weights": [
                -0.687962719115127,
                0.836721901700136,
                0.18034805113881605,
                0.22219404634387196,
                -0.31360791767923574,
                -0.4450751281801776,
                0.8789978831283782,
                -0.22264542062103598,
                -0.8508987126404584,
                0.579905601991668,
                -0.340670447948887,
                0.5215700972337949,
                -0.9371416286265315,
                -0.5424036690167551,
                0.6762419760460902,
                -1.3816820704090795,
                -0.7175028931065428,
                0.9676609621103165,
                -0.8542761252739297,
                0.25256575555833155,
                -0.7820555512714069,
                -0.11028559488095233,
                -0.452339009378999,
                -0.07517055476750174,
                0.3602060184870532,
                -0.6246942761737809,
                0.30392251900520106,
                0.31522578460068673,
                0.7840931103542266,
                -0.4529960703976922,
                -0.9254477847692386,
                0.7022733430337138,
                0.23001445339833948,
                -0.28101769756048967,
                0.6339552665533268,
                -0.3067047411688874,
                1.5684660263795427,
                0.10735099432316965,
                1.5943599415233694,
                -0.4000044401782383
            ],
            "bias": -0.21340986212727053
        },