{
    "hidden_layer": {
        "neuron_0": {
            "weights": [
                0.4339992632835232,
                -0.03568800549511951,
                -0.8192664521900547,
                -0.5156109696750605,
                -1.2609049585715817,
                -1.1836744684195781,
                0.0934205586865593,
                -0.823014995896161,
                -0.4381309806252385,
                -1.4167067038619332,
                0.2984559136420576,
                0.7744254851526531,
                0.045465658763988115,
                0.815132947852186,
                0.83198979895282,
                0.18712937221899786,
                -0.4326601910001955,
                0.5910167914241532,
                0.12311653669235734,
                -0.3466076170077236,
                -0.6921846726706239,
                -1.1082826260180607,
                0.19204256707733955,
                -0.6739496536972847,
                1.1644387531364808,
                -0.14368764580055315,
                -0.9898768323075626,
                -0.34920060368146455,
                -0.4695952646365491,
                0.12640226352039471,
                0.8441743751388471,
                0.9272399541785057,
                0.8723095483215619,
                0.7547461438559109,
                0.30639369905107783,
                0.01781275344506309,
                0.5924485219263085,
                1.5593531238669531,
                1.471548685115055,
                -1.1391314222966733
            ],
            "bias": -0.6307414693143839
        },
        "neuron_1": {
            "weights": [
                0.9950044595896047,
                0.22539633890242783,
                -0.20473299019845448,
                0.31610606932309654,
                0.9004312647208531,
                -0.2638920332403892,
                -0.6302910889489459,
                -0.6080342751617096,
                0.08539216631649693,
                0.3766770034467383,
                -0.007649599807813167,
                -0.05557014967610141,
                -0.14491796328290074,
                -0.5014155417022501,
                0.3671937871060437,
                0.5379367463840635,
                -0.16671552030857656,
                0.217827792326649,
                -1.1144362307546472,
                -0.27280164168184695,
                0.010365807724229955,
                0.11828884960321823,
                -0.29002634417219,
                0.2564710552950923,
                0.014495752309560895,
                -1.0859659234728158,
                -0.6783838971650027,
                0.4929828102360483,
                -0.5120207132418328,
                -0.2640115843850635,
                0.650951110328068,
                0.7060189109347201,
                0.392059593349946,
                0.4815372355084089,
                0.5722352516500196,
                -0.7380714729883141,
                0.4350583011362429,
                -0.31496616500808927,
                1.2050959389232951,
                0.861799792582584
            ],
            "bias": -0.0225456573584957
        },
        "neuron_2": {
            "weights": [
                0.5735642497291242,
                -0.9610343060520741,
                -0.08746440648544387,
                -0.5520068794529572,
                0.500297441438037,
                -0.88257740153924,
                0.9391692555291171,
                -0.9095454221789239,
                -0.7181515500504747,
                0.4623602439255587,
                -0.28955839406437645,
                -0.7608115081233966,
                -0.9491617465118096,
                -0.17923415392874054,
                0.7983776045493313,
                -0.3153474938259461,
                0.7465098716631212,
                0.6389470701241498,
                1.1308165333253564,
                1.9338376244607582,
                0.31570497775211537,
                0.4059775745585624,
                0.924308828347468,
                0.6852932512764306,
                0.640596298336963,
                -0.6280970155804493,
                0.09746757873317224,
                0.2992657980944293,
                0.9460211095048912,
                -0.07794393287543078,
                1.3093409613822973,
                -0.4111022158608286,
                0.14012234017872993,
                0.39403148199053595,
                0.0713303539522,
                0.25942033491876276,
                -1.2890320074241457,
                -0.10425155566423608,
                -0.31743181069984366,
                0.7228090918984106
            ],
            "bias": 0.31883285796561356
        },
        "neuron_3": {
            "weights": [
                -0.059298621303151076,
                1.3276394642067484,
                -0.04780538531937513,
                0.39820521111176693,
                1.0892528718452954,
                1.1883771384420954,
                0.5502656467222291,
                -0.3493393384734713,
                0.6043939615080793,
                0.8277506703665115,
                -0.5031469651434163,
                0.42648957444599,
                -0.7842171460133911,
                0.5111022770860973,
                -0.03790666056959489,
                -0.4101598166601029,
                -1.790986970017732,
                -0.2916384255172679,
                -1.2298445445014705,
                -1.7691754735344034,
                0.44128570243406057,
                -0.984907767742504,
                -0.7430415373062298,
                0.09231819760071083,
                -1.554866867332084,
                1.1668447113386895,
                0.3837903953853865,
                0.6984468209883559,
                -0.2138045506664792,
                -0.33592361042201857,
                -0.36240444081694495,
                -0.22980454279614948,
                -0.8056470124584629,
                0.40496816797421853,
                0.3727689236589429,
                -1.220495127304,
                -0.40372387092851486,
                -0.3077253184394075,
                0.16749269745554707,
                0.37386498658918
            ],
            "bias": -0.5396556461713745
        },
        "neuron_4": {
            "weights": [
                -0.08941320521486697,
                0.8425380146836762,
                0.23317939029791768,
                0.19430273857724334,
                -0.34370292041667383,
                -0.47296643594680493,
                0.8789978831283782,
                -0.22264542062103598,
                -0.8508987126404584,
                0.5520142942250533,
                -0.36856175571551436,
                0.5215700972337949,
                -0.9371416286265315,
                -0.5424036690167551,
                0.4581007609764983,
                -0.5346560740629552,
                -0.7884030671612672,
                0.8967607880555897,
                -0.9251762993286541,
                0.1479581607534432,
                -0.8099468590380215,
                -0.14399301563111297,
                -0.48604643012916077,
                -0.10887797551766237,
                0.25559842368216557,
                0.22233172017233802,
                0.30392251900520106,
                0.31522578460068673,
                0.7840931103542266,
                -0.5876986679400203,
                -1.0066827073256919,
                0.7022733430337138,
                0.23001445339833948,
                -0.28101769756048967,
                0.6060639587867122,
                -0.3375891101974993,
                1.7473736282625907,
                0.2055359492804821,
                1.6925448964806817,
                -0.3502732434011379
            ],
            "bias": -0.24130116989389916
        },